Model,Test Set,Finetune,Best Threshold,Total File Pairs,Max Avg Dice Score,Avg Dice Score,Avg BCD_2D,Avg Hausdorff Distance 2D
segformer,cracks,cracks experts,0.01,340,0.4402403468676098,0.31568553431727714,15.754645324589841,10.919080795024115
segformer,cracks,cracks prac,0.01,340,0.1747020619716107,0.18057201251447133,39.30885561767381,32.54318562103923
segformer,cracks,cracks novice,0.01,340,0.25574685494796673,0.24617153650877593,17.231978763834903,12.497626970493176
segformer,cracks,thebe,0.01,340,0.09367825573044708,0.10321405761520835,38.7923932325415,27.625549193930574
segformer,cracks,thebe,0.76,340,0.09703687008250868,0.10661113791561774,29.638313334044977,20.973049512982616
